[{"fields": {"birth_date": "2015-03-19T18:13:08Z", "photo": "media/images/1361511695_standarty-krasoty3.jpg", "group": 1, "student_ticket_number": 25262, "full_name": "\u0418\u0432\u0430\u043d \u0418\u0432\u0430\u043d\u043e\u0432\u0438\u0447 \u0418\u0432\u0430\u043d\u043e\u0432"}, "model": "students.student", "pk": 1}, {"fields": {"birth_date": "2014-12-16T18:13:50Z", "photo": "media/images/images_1.jpeg", "group": 1, "student_ticket_number": 236123, "full_name": "James Artur Mcalen"}, "model": "students.student", "pk": 2}, {"fields": {"birth_date": "2014-12-15T18:14:35Z", "photo": "media/images/problemnaya-kozha-lica-lechenie-2.jpg", "group": 1, "student_ticket_number": 12123, "full_name": "\u0414\u0436\u043e\u043d \u0421\u043c\u0438\u0442 \u0418\u0432\u0430\u043d\u043e\u0432\u0438\u0447"}, "model": "students.student", "pk": 3}, {"fields": {"birth_date": "2015-01-12T18:18:17Z", "photo": "media/images/images_2.jpeg", "group": 2, "student_ticket_number": 6262, "full_name": "\u0418\u0432\u0430\u043d\u043e\u0432\u0430 \u0415\u043b\u0435\u043d\u0430 \u0418\u0432\u0430\u043d\u043e\u0432\u043d\u0430"}, "model": "students.student", "pk": 4}, {"fields": {"birth_date": "2014-04-14T18:16:54Z", "photo": "media/images/images_3.jpeg", "group": 2, "student_ticket_number": 12245, "full_name": "\u0424\u0435\u0434\u043e\u0440\u043e\u0432\u0430 \u0418\u0440\u0438\u043d\u0430 \u0421\u0435\u0440\u0433\u0435\u0435\u0432\u043d\u0430"}, "model": "students.student", "pk": 5}, {"fields": {"birth_date": "2013-12-16T18:17:32Z", "photo": "media/images/images_3_tVFG3ey.jpeg", "group": 2, "student_ticket_number": 1235, "full_name": "Emma James Artur"}, "model": "students.student", "pk": 6}, {"fields": {"birth_date": "2015-01-12T18:18:24Z", "photo": "media/images/images.jpeg", "group": 2, "student_ticket_number": 0, "full_name": "\u0418\u0432\u0430\u043d\u043e\u0432\u0430 \u0410\u043d\u043d\u0430 \u0421\u0435\u0440\u0433\u0435\u0435\u0432\u043d\u0430"}, "model": "students.student", "pk": 7}, {"fields": {"birth_date": "2015-07-29T18:23:41Z", "photo": "media/images/problemnaya-kozha-lica-lechenie-2_sMrLNnw.jpg", "group": 3, "student_ticket_number": 346, "full_name": "\u0413\u0435\u0440\u0430\u0441\u0438\u043c\u043e\u0432\u0430 \u0410\u043b\u0438\u043d\u0430 \u0421\u0435\u043c\u0435\u043d\u043e\u0432\u043d\u0430"}, "model": "students.student", "pk": 8}, {"fields": {"birth_date": "2014-09-15T18:23:53Z", "photo": "media/images/round-face-makeup2.jpg", "group": 3, "student_ticket_number": 4346, "full_name": "\u0418\u0432\u0430\u043d\u043e\u0432\u0430 \u0418\u0432\u0430\u043d\u043d\u0430 \u0418\u0432\u0430\u043d\u043e\u0432\u043d\u0430"}, "model": "students.student", "pk": 9}, {"fields": {"birth_date": "2013-12-17T18:24:04Z", "photo": "media/images/images_c4lt6c1.jpeg", "group": 3, "student_ticket_number": 3246, "full_name": "\u041a\u0443\u0437\u043d\u0435\u0446\u043e\u0432\u0430 \u0418\u0440\u0438\u043d\u0430 \u041e\u043b\u0435\u0433\u043e\u0432\u043d\u0430"}, "model": "students.student", "pk": 10}, {"fields": {"birth_date": "2014-05-12T18:26:54Z", "photo": "media/images/post-45623-1196274032.jpg", "group": 3, "student_ticket_number": 1234, "full_name": "John Artur Smith"}, "model": "students.student", "pk": 11}, {"fields": {"birth_date": "2013-07-17T18:27:03Z", "photo": "media/images/1361511695_standarty-krasoty3_35H5S2l.jpg", "group": 3, "student_ticket_number": 5125, "full_name": "Ivanov Ivan Ivanovich"}, "model": "students.student", "pk": 12}, {"fields": {"birth_date": "2014-08-06T18:27:17Z", "photo": "media/images/images_1_izhBT7V.jpeg", "group": 3, "student_ticket_number": 646, "full_name": "Fedorov Fedor Fedorovich"}, "model": "students.student", "pk": 13}, {"fields": {"birth_date": "2015-01-15T18:28:07Z", "photo": "media/images/problemnaya-kozha-lica-lechenie-2_OBLvmpU.jpg", "group": 3, "student_ticket_number": 6547, "full_name": "\u0418\u0432\u0430\u043d\u043e\u0432\u0430 \u041c\u0430\u0440\u0442\u0430 \u041f\u0435\u0442\u0440\u043e\u0432\u043d\u0430"}, "model": "students.student", "pk": 14}, {"fields": {"birth_date": "2015-01-14T18:28:56Z", "photo": "media/images/round-face-makeup2_0IiyTAj.jpg", "group": 3, "student_ticket_number": 12454, "full_name": "\u0422\u0440\u0438\u0444\u043e\u043d\u043e\u0432\u0430 \u0410\u043d\u043d\u0430 \u041f\u0435\u0442\u0440\u043e\u0432\u043d\u0430"}, "model": "students.student", "pk": 15}, {"fields": {"steward": 1, "title": "Group 1"}, "model": "students.group", "pk": 1}, {"fields": {"steward": 7, "title": "Group 2"}, "model": "students.group", "pk": 2}, {"fields": {"steward": 10, "title": "Group 3"}, "model": "students.group", "pk": 3}, {"fields": {"date": "2015-07-29T18:14:43.755Z", "related_id": 1, "model": "students_group", "event": "insert"}, "model": "students.eventhistory", "pk": 1}, {"fields": {"date": "2015-07-29T18:14:43.757Z", "related_id": 1, "model": "students_student", "event": "insert"}, "model": "students.eventhistory", "pk": 2}, {"fields": {"date": "2015-07-29T18:14:43.757Z", "related_id": 2, "model": "students_student", "event": "insert"}, "model": "students.eventhistory", "pk": 3}, {"fields": {"date": "2015-07-29T18:14:43.758Z", "related_id": 3, "model": "students_student", "event": "insert"}, "model": "students.eventhistory", "pk": 4}, {"fields": {"date": "2015-07-29T18:14:58.875Z", "related_id": 1, "model": "students_group", "event": "update"}, "model": "students.eventhistory", "pk": 5}, {"fields": {"date": "2015-07-29T18:19:04.104Z", "related_id": 2, "model": "students_group", "event": "insert"}, "model": "students.eventhistory", "pk": 6}, {"fields": {"date": "2015-07-29T18:19:04.106Z", "related_id": 4, "model": "students_student", "event": "insert"}, "model": "students.eventhistory", "pk": 7}, {"fields": {"date": "2015-07-29T18:19:04.106Z", "related_id": 5, "model": "students_student", "event": "insert"}, "model": "students.eventhistory", "pk": 8}, {"fields": {"date": "2015-07-29T18:19:04.107Z", "related_id": 6, "model": "students_student", "event": "insert"}, "model": "students.eventhistory", "pk": 9}, {"fields": {"date": "2015-07-29T18:19:04.108Z", "related_id": 7, "model": "students_student", "event": "insert"}, "model": "students.eventhistory", "pk": 10}, {"fields": {"date": "2015-07-29T18:19:26.509Z", "related_id": 2, "model": "students_group", "event": "update"}, "model": "students.eventhistory", "pk": 11}, {"fields": {"date": "2015-07-29T18:19:34.366Z", "related_id": 1, "model": "students_group", "event": "update"}, "model": "students.eventhistory", "pk": 12}, {"fields": {"date": "2015-07-29T18:25:09.210Z", "related_id": 3, "model": "students_group", "event": "insert"}, "model": "students.eventhistory", "pk": 13}, {"fields": {"date": "2015-07-29T18:25:09.212Z", "related_id": 8, "model": "students_student", "event": "insert"}, "model": "students.eventhistory", "pk": 14}, {"fields": {"date": "2015-07-29T18:25:09.212Z", "related_id": 9, "model": "students_student", "event": "insert"}, "model": "students.eventhistory", "pk": 15}, {"fields": {"date": "2015-07-29T18:25:09.214Z", "related_id": 10, "model": "students_student", "event": "insert"}, "model": "students.eventhistory", "pk": 16}, {"fields": {"date": "2015-07-29T18:27:31.916Z", "related_id": 3, "model": "students_group", "event": "update"}, "model": "students.eventhistory", "pk": 17}, {"fields": {"date": "2015-07-29T18:27:31.919Z", "related_id": 11, "model": "students_student", "event": "insert"}, "model": "students.eventhistory", "pk": 18}, {"fields": {"date": "2015-07-29T18:27:31.920Z", "related_id": 12, "model": "students_student", "event": "insert"}, "model": "students.eventhistory", "pk": 19}, {"fields": {"date": "2015-07-29T18:27:31.921Z", "related_id": 13, "model": "students_student", "event": "insert"}, "model": "students.eventhistory", "pk": 20}, {"fields": {"date": "2015-07-29T18:28:16.161Z", "related_id": 3, "model": "students_group", "event": "update"}, "model": "students.eventhistory", "pk": 21}, {"fields": {"date": "2015-07-29T18:28:16.165Z", "related_id": 14, "model": "students_student", "event": "insert"}, "model": "students.eventhistory", "pk": 22}, {"fields": {"date": "2015-07-29T18:28:58.405Z", "related_id": 3, "model": "students_group", "event": "update"}, "model": "students.eventhistory", "pk": 23}, {"fields": {"date": "2015-07-29T18:28:58.409Z", "related_id": 15, "model": "students_student", "event": "insert"}, "model": "students.eventhistory", "pk": 24}, {"fields": {"date": "2015-07-29T18:54:05.968Z", "related_id": 1, "model": "students_student", "event": "update"}, "model": "students.eventhistory", "pk": 25}, {"fields": {"date": "2015-07-29T18:54:05.969Z", "related_id": 2, "model": "students_student", "event": "update"}, "model": "students.eventhistory", "pk": 26}, {"fields": {"date": "2015-07-29T18:54:05.970Z", "related_id": 3, "model": "students_student", "event": "update"}, "model": "students.eventhistory", "pk": 27}, {"fields": {"date": "2015-07-29T18:54:05.972Z", "related_id": 4, "model": "students_student", "event": "update"}, "model": "students.eventhistory", "pk": 28}, {"fields": {"date": "2015-07-29T18:54:05.973Z", "related_id": 5, "model": "students_student", "event": "update"}, "model": "students.eventhistory", "pk": 29}, {"fields": {"date": "2015-07-29T18:54:05.974Z", "related_id": 6, "model": "students_student", "event": "update"}, "model": "students.eventhistory", "pk": 30}, {"fields": {"date": "2015-07-29T18:54:05.976Z", "related_id": 7, "model": "students_student", "event": "update"}, "model": "students.eventhistory", "pk": 31}, {"fields": {"date": "2015-07-29T18:54:05.977Z", "related_id": 8, "model": "students_student", "event": "update"}, "model": "students.eventhistory", "pk": 32}, {"fields": {"date": "2015-07-29T18:54:05.978Z", "related_id": 9, "model": "students_student", "event": "update"}, "model": "students.eventhistory", "pk": 33}, {"fields": {"date": "2015-07-29T18:54:05.978Z", "related_id": 10, "model": "students_student", "event": "update"}, "model": "students.eventhistory", "pk": 34}, {"fields": {"date": "2015-07-29T18:54:05.979Z", "related_id": 11, "model": "students_student", "event": "update"}, "model": "students.eventhistory", "pk": 35}, {"fields": {"date": "2015-07-29T18:54:05.981Z", "related_id": 12, "model": "students_student", "event": "update"}, "model": "students.eventhistory", "pk": 36}, {"fields": {"date": "2015-07-29T18:54:05.982Z", "related_id": 13, "model": "students_student", "event": "update"}, "model": "students.eventhistory", "pk": 37}, {"fields": {"date": "2015-07-29T18:54:05.983Z", "related_id": 14, "model": "students_student", "event": "update"}, "model": "students.eventhistory", "pk": 38}, {"fields": {"date": "2015-07-29T18:54:05.983Z", "related_id": 15, "model": "students_student", "event": "update"}, "model": "students.eventhistory", "pk": 39}, {"fields": {"date": "2015-07-29T18:54:05.984Z", "related_id": 1, "model": "students_group", "event": "update"}, "model": "students.eventhistory", "pk": 40}, {"fields": {"date": "2015-07-29T18:54:05.985Z", "related_id": 2, "model": "students_group", "event": "update"}, "model": "students.eventhistory", "pk": 41}, {"fields": {"date": "2015-07-29T18:54:05.986Z", "related_id": 3, "model": "students_group", "event": "update"}, "model": "students.eventhistory", "pk": 42}, {"fields": {"date": "2015-07-29T18:54:06.029Z", "related_id": 1, "model": "students_student", "event": "update"}, "model": "students.eventhistory", "pk": 43}, {"fields": {"date": "2015-07-29T18:54:06.031Z", "related_id": 2, "model": "students_student", "event": "update"}, "model": "students.eventhistory", "pk": 44}, {"fields": {"date": "2015-07-29T18:54:06.032Z", "related_id": 3, "model": "students_student", "event": "update"}, "model": "students.eventhistory", "pk": 45}, {"fields": {"date": "2015-07-29T18:54:06.033Z", "related_id": 4, "model": "students_student", "event": "update"}, "model": "students.eventhistory", "pk": 46}, {"fields": {"date": "2015-07-29T18:54:06.033Z", "related_id": 5, "model": "students_student", "event": "update"}, "model": "students.eventhistory", "pk": 47}, {"fields": {"date": "2015-07-29T18:54:06.034Z", "related_id": 6, "model": "students_student", "event": "update"}, "model": "students.eventhistory", "pk": 48}, {"fields": {"date": "2015-07-29T18:54:06.035Z", "related_id": 7, "model": "students_student", "event": "update"}, "model": "students.eventhistory", "pk": 49}, {"fields": {"date": "2015-07-29T18:54:06.036Z", "related_id": 8, "model": "students_student", "event": "update"}, "model": "students.eventhistory", "pk": 50}, {"fields": {"date": "2015-07-29T18:54:06.037Z", "related_id": 9, "model": "students_student", "event": "update"}, "model": "students.eventhistory", "pk": 51}, {"fields": {"date": "2015-07-29T18:54:06.037Z", "related_id": 10, "model": "students_student", "event": "update"}, "model": "students.eventhistory", "pk": 52}, {"fields": {"date": "2015-07-29T18:54:06.038Z", "related_id": 11, "model": "students_student", "event": "update"}, "model": "students.eventhistory", "pk": 53}, {"fields": {"date": "2015-07-29T18:54:06.039Z", "related_id": 12, "model": "students_student", "event": "update"}, "model": "students.eventhistory", "pk": 54}, {"fields": {"date": "2015-07-29T18:54:06.040Z", "related_id": 13, "model": "students_student", "event": "update"}, "model": "students.eventhistory", "pk": 55}, {"fields": {"date": "2015-07-29T18:54:06.042Z", "related_id": 14, "model": "students_student", "event": "update"}, "model": "students.eventhistory", "pk": 56}, {"fields": {"date": "2015-07-29T18:54:06.043Z", "related_id": 15, "model": "students_student", "event": "update"}, "model": "students.eventhistory", "pk": 57}, {"fields": {"date": "2015-07-29T18:54:06.043Z", "related_id": 1, "model": "students_group", "event": "update"}, "model": "students.eventhistory", "pk": 58}, {"fields": {"date": "2015-07-29T18:54:06.044Z", "related_id": 2, "model": "students_group", "event": "update"}, "model": "students.eventhistory", "pk": 59}, {"fields": {"date": "2015-07-29T18:54:06.045Z", "related_id": 3, "model": "students_group", "event": "update"}, "model": "students.eventhistory", "pk": 60}, {"fields": {"date": "2015-07-29T18:54:06.083Z", "related_id": 1, "model": "students_student", "event": "update"}, "model": "students.eventhistory", "pk": 61}, {"fields": {"date": "2015-07-29T18:54:06.084Z", "related_id": 2, "model": "students_student", "event": "update"}, "model": "students.eventhistory", "pk": 62}, {"fields": {"date": "2015-07-29T18:54:06.084Z", "related_id": 3, "model": "students_student", "event": "update"}, "model": "students.eventhistory", "pk": 63}, {"fields": {"date": "2015-07-29T18:54:06.085Z", "related_id": 4, "model": "students_student", "event": "update"}, "model": "students.eventhistory", "pk": 64}, {"fields": {"date": "2015-07-29T18:54:06.086Z", "related_id": 5, "model": "students_student", "event": "update"}, "model": "students.eventhistory", "pk": 65}, {"fields": {"date": "2015-07-29T18:54:06.086Z", "related_id": 6, "model": "students_student", "event": "update"}, "model": "students.eventhistory", "pk": 66}, {"fields": {"date": "2015-07-29T18:54:06.087Z", "related_id": 7, "model": "students_student", "event": "update"}, "model": "students.eventhistory", "pk": 67}, {"fields": {"date": "2015-07-29T18:54:06.088Z", "related_id": 8, "model": "students_student", "event": "update"}, "model": "students.eventhistory", "pk": 68}, {"fields": {"date": "2015-07-29T18:54:06.088Z", "related_id": 9, "model": "students_student", "event": "update"}, "model": "students.eventhistory", "pk": 69}, {"fields": {"date": "2015-07-29T18:54:06.089Z", "related_id": 10, "model": "students_student", "event": "update"}, "model": "students.eventhistory", "pk": 70}, {"fields": {"date": "2015-07-29T18:54:06.090Z", "related_id": 11, "model": "students_student", "event": "update"}, "model": "students.eventhistory", "pk": 71}, {"fields": {"date": "2015-07-29T18:54:06.091Z", "related_id": 12, "model": "students_student", "event": "update"}, "model": "students.eventhistory", "pk": 72}, {"fields": {"date": "2015-07-29T18:54:06.091Z", "related_id": 13, "model": "students_student", "event": "update"}, "model": "students.eventhistory", "pk": 73}, {"fields": {"date": "2015-07-29T18:54:06.092Z", "related_id": 14, "model": "students_student", "event": "update"}, "model": "students.eventhistory", "pk": 74}, {"fields": {"date": "2015-07-29T18:54:06.093Z", "related_id": 15, "model": "students_student", "event": "update"}, "model": "students.eventhistory", "pk": 75}, {"fields": {"date": "2015-07-29T18:54:06.094Z", "related_id": 1, "model": "students_group", "event": "update"}, "model": "students.eventhistory", "pk": 76}, {"fields": {"date": "2015-07-29T18:54:06.094Z", "related_id": 2, "model": "students_group", "event": "update"}, "model": "students.eventhistory", "pk": 77}, {"fields": {"date": "2015-07-29T18:54:06.095Z", "related_id": 3, "model": "students_group", "event": "update"}, "model": "students.eventhistory", "pk": 78}]
